{
  "objects": {
    "Binder": {
      "label": "Binder",
      "name": "Binder",
      "solids": [
        {
          "index": 1,
          "metrics": {
            "bounding_box": {
              "x_max": 13.001672283893194,
              "x_min": -17.86728285655126,
              "y_max": 14.456185796363652,
              "y_min": -12.0,
              "z_max": 16.913228877910136,
              "z_min": -9.544087235256718
            },
            "is_valid": true,
            "volume_mm3": 4158.710759149858
          }
        }
      ],
      "type_id": "PartDesign::SubShapeBinder"
    },
    "Binder003": {
      "label": "Binder003",
      "name": "Binder003",
      "solids": [
        {
          "index": 1,
          "metrics": {
            "bounding_box": {
              "x_max": 13.001672283893194,
              "x_min": -17.86728285655126,
              "y_max": 14.456185796363652,
              "y_min": -12.0,
              "z_max": 16.913228877910136,
              "z_min": -9.544087235256718
            },
            "is_valid": true,
            "volume_mm3": 4158.710759149858
          }
        }
      ],
      "type_id": "PartDesign::SubShapeBinder"
    },
    "Binder009": {
      "label": "Binder009",
      "name": "Binder009",
      "solids": [
        {
          "index": 1,
          "metrics": {
            "bounding_box": {
              "x_max": 7.75,
              "x_min": -7.75,
              "y_max": 7.75,
              "y_min": -7.75,
              "z_max": 20.569296192178616,
              "z_min": -1.705e-15
            },
            "is_valid": true,
            "volume_mm3": 1250.6927912595079
          }
        }
      ],
      "type_id": "PartDesign::SubShapeBinder"
    },
    "Binder011": {
      "label": "Binder011",
      "name": "Binder011",
      "solids": [
        {
          "index": 1,
          "metrics": {
            "bounding_box": {
              "x_max": 18.0,
              "x_min": -18.0,
              "y_max": 18.0,
              "y_min": -18.0,
              "z_max": 34.2,
              "z_min": 11.699999999999998
            },
            "is_valid": true,
            "volume_mm3": 15743.458342072416
          }
        }
      ],
      "type_id": "PartDesign::SubShapeBinder"
    },
    "Body002": {
      "label": "Offen_15.5mm",
      "name": "Body002",
      "solids": [
        {
          "index": 1,
          "metrics": {
            "bounding_box": {
              "x_max": 13.001672283893194,
              "x_min": -17.86728285655126,
              "y_max": 14.456185796363652,
              "y_min": -12.0,
              "z_max": 16.913228877910136,
              "z_min": -9.544087235256718
            },
            "is_valid": true,
            "volume_mm3": 1800.0653149094935
          }
        }
      ],
      "type_id": "PartDesign::Body"
    },
    "Body006": {
      "label": "Offen_6mm_Schlauch",
      "name": "Body006",
      "solids": [
        {
          "index": 1,
          "metrics": {
            "bounding_box": {
              "x_max": 13.001672283893194,
              "x_min": -17.86728285655126,
              "y_max": 14.456185796363652,
              "y_min": -12.0,
              "z_max": 16.913228877910136,
              "z_min": -9.544087235256718
            },
            "is_valid": true,
            "volume_mm3": 3805.236784738154
          }
        }
      ],
      "type_id": "PartDesign::Body"
    },
    "Body008": {
      "label": "Body008",
      "name": "Body008",
      "solids": [
        {
          "index": 1,
          "metrics": {
            "bounding_box": {
              "x_max": 7.75,
              "x_min": -7.75,
              "y_max": 7.75,
              "y_min": -7.75,
              "z_max": 20.569296192178616,
              "z_min": -1.705e-15
            },
            "is_valid": true,
            "volume_mm3": 1250.6927912595079
          }
        }
      ],
      "type_id": "PartDesign::Body"
    },
    "Body010": {
      "label": "Adapterplatte",
      "name": "Body010",
      "solids": [
        {
          "index": 1,
          "metrics": {
            "bounding_box": {
              "x_max": 18.0,
              "x_min": -18.0,
              "y_max": 18.0,
              "y_min": -18.0,
              "z_max": 34.2,
              "z_min": 11.699999999999998
            },
            "is_valid": true,
            "volume_mm3": 15743.458342072416
          }
        }
      ],
      "type_id": "PartDesign::Body"
    },
    "Body011": {
      "label": "Body011",
      "name": "Body011",
      "solids": [
        {
          "index": 1,
          "metrics": {
            "bounding_box": {
              "x_max": 17.999999999999996,
              "x_min": -18.000000000000004,
              "y_max": 18.0,
              "y_min": -18.0,
              "z_max": 28.100000000000005,
              "z_min": 11.599999999999998
            },
            "is_valid": true,
            "volume_mm3": 9018.10623088256
          }
        }
      ],
      "type_id": "PartDesign::Body"
    },
    "Boolean": {
      "label": "Boolean",
      "name": "Boolean",
      "solids": [
        {
          "index": 1,
          "metrics": {
            "bounding_box": {
              "x_max": 13.001672283893194,
              "x_min": -17.86728285655126,
              "y_max": 14.456185796363652,
              "y_min": -12.0,
              "z_max": 16.913228877910136,
              "z_min": -9.544087235256718
            },
            "is_valid": true,
            "volume_mm3": 4158.710759149858
          }
        }
      ],
      "type_id": "PartDesign::Boolean"
    },
    "Boolean003": {
      "label": "Boolean003",
      "name": "Boolean003",
      "solids": [
        {
          "index": 1,
          "metrics": {
            "bounding_box": {
              "x_max": 13.001672283893194,
              "x_min": -17.86728285655126,
              "y_max": 14.456185796363652,
              "y_min": -12.0,
              "z_max": 16.913228877910136,
              "z_min": -9.544087235256718
            },
            "is_valid": true,
            "volume_mm3": 4158.710759149858
          }
        }
      ],
      "type_id": "PartDesign::Boolean"
    },
    "Boolean011": {
      "label": "Boolean011",
      "name": "Boolean011",
      "solids": [
        {
          "index": 1,
          "metrics": {
            "bounding_box": {
              "x_max": 18.0,
              "x_min": -18.0,
              "y_max": 18.0,
              "y_min": -18.0,
              "z_max": 22.5,
              "z_min": -3.552713678800501e-15
            },
            "is_valid": true,
            "volume_mm3": 15743.458342072412
          }
        }
      ],
      "type_id": "PartDesign::Boolean"
    },
    "Chamfer": {
      "label": "Chamfer",
      "name": "Chamfer",
      "solids": [
        {
          "index": 1,
          "metrics": {
            "bounding_box": {
              "x_max": 18.0,
              "x_min": -18.0,
              "y_max": 18.0,
              "y_min": -18.0,
              "z_max": 22.5,
              "z_min": -3.552713678800501e-15
            },
            "is_valid": true,
            "volume_mm3": 15743.458342072412
          }
        }
      ],
      "type_id": "PartDesign::Chamfer"
    },
    "Cylinder002": {
      "label": "Cylinder002",
      "name": "Cylinder002",
      "solids": [
        {
          "index": 1,
          "metrics": {
            "bounding_box": {
              "x_max": 13.001672283893194,
              "x_min": -17.86728285655126,
              "y_max": 14.456185796363652,
              "y_min": -12.0,
              "z_max": 16.913228877910136,
              "z_min": -9.544087235256718
            },
            "is_valid": true,
            "volume_mm3": 1800.0653149094926
          }
        }
      ],
      "type_id": "PartDesign::SubtractiveCylinder"
    },
    "Cylinder004": {
      "label": "Cylinder004",