{
  "objects": {
    "Body": {
      "label": "Bit-Grip",
      "name": "Body",
      "solids": [
        {
          "index": 1,
          "metrics": {
            "bounding_box": {
              "x_max": 8.583370148318686,
              "x_min": -8.583370148318684,
              "y_max": 8.583370148318686,
              "y_min": -8.583370148318684,
              "z_max": 17.500000000000004,
              "z_min": -1.7859471304824503e-15
            },
            "is_valid": true,
            "volume_mm3": 1006.9958951353733
          }
        }
      ],
      "type_id": "PartDesign::Body"
    },
    "Body001": {
      "label": "Schrauben-Grip",
      "name": "Body001",
      "solids": [
        {
          "index": 1,
          "metrics": {
            "bounding_box": {
              "x_max": 8.750000000000039,
              "x_min": -9.07497771135209,
              "y_max": 8.75,
              "y_min": -8.510314091750715,
              "z_max": 32.512415930462375,
              "z_min": 11.999999999999998
            },
            "is_valid": true,
            "volume_mm3": 818.8560420783544
          }
        }
      ],
      "type_id": "PartDesign::Body"
    },
    "Body002": {
      "label": "Schraubenhalter-Gesamt",
      "name": "Body002",
      "solids": [
        {
          "index": 1,
          "metrics": {
            "bounding_box": {
              "x_max": 9.373516454532131,
              "x_min": -9.373516454532131,
              "y_max": 9.373516454532131,
              "y_min": -9.373516454532131,
              "z_max": 32.02645039297276,
              "z_min": -1.7859471304824503e-15
            },
            "is_valid": true,
            "volume_mm3": 1438.359962266409
          }
        }
      ],
      "type_id": "PartDesign::Body"
    },
    "Chamfer": {
      "label": "Chamfer",
      "name": "Chamfer",
      "solids": [
        {
          "index": 1,
          "metrics": {
            "bounding_box": {
              "x_max": 8.583370148318686,
              "x_min": -8.583370148318684,
              "y_max": 8.583370148318686,
              "y_min": -8.583370148318684,
              "z_max": 17.500000000000004,
              "z_min": -1.7859471304824503e-15
            },
            "is_valid": true,
            "volume_mm3": 1006.9958951353731
          }
        }
      ],
      "type_id": "PartDesign::Chamfer"
    },
    "Clone": {
      "label": "Clone",
      "name": "Clone",
      "solids": [
        {
          "index": 1,
          "metrics": {
            "bounding_box": {
              "x_max": 8.583370148318686,
              "x_min": -8.583370148318684,
              "y_max": 8.583370148318686,
              "y_min": -8.583370148318684,
              "z_max": 17.500000000000004,
              "z_min": -1.7859471304824503e-15
            },
            "is_valid": true,
            "volume_mm3": 1006.9958951353733
          }
        }
      ],
      "type_id": "PartDesign::FeatureBase"
    },
    "Fillet": {
      "label": "Fillet",
      "name": "Fillet",
      "solids": [
        {
          "index": 1,
          "metrics": {
            "bounding_box": {
              "x_max": 8.750000000000039,
              "x_min": -9.07497771135209,
              "y_max": 8.75,
              "y_min": -8.510314091750715,
              "z_max": 32.512415930462375,
              "z_min": 11.999999999999998
            },
            "is_valid": true,
            "volume_mm3": 818.8560420783548
          }
        }
      ],
      "type_id": "PartDesign::Fillet"
    },
    "Fillet001": {
      "label": "Fillet001",
      "name": "Fillet001",
      "solids": [
        {
          "index": 1,
          "metrics": {
            "bounding_box": {
              "x_max": 8.66,
              "x_min": -8.66,
              "y_max": 8.740333659590318,
              "y_min": -8.740333659590585,
              "z_max": 31.9771515376308,
              "z_min": -1.7859471304824503e-15
            },
            "is_valid": true,
            "volume_mm3": 1452.4385589364251
          }
        }
      ],
      "type_id": "PartDesign::Fillet"
    },
    "Fillet002": {
      "label": "Fillet002",
      "name": "Fillet002",
      "solids": [
        {
          "index": 1,
          "metrics": {
            "bounding_box": {
              "x_max": 8.66,
              "x_min": -8.66,
              "y_max": 8.740333659590318,
              "y_min": -8.740333659590585,
              "z_max": 31.9771515376308,
              "z_min": -1.7859471304824503e-15
            },
            "is_valid": true,
            "volume_mm3": 1452.5541090649222
          }
        }
      ],
      "type_id": "PartDesign::Fillet"
    },
    "Fillet003": {
      "label": "Fillet003",
      "name": "Fillet003",
      "solids": [
        {
          "index": 1,
          "metrics": {
            "bounding_box": {
              "x_max": 9.373516454532131,
              "x_min": -9.373516454532131,
              "y_max": 9.373516454532131,
              "y_min": -9.373516454532131,
              "z_max": 31.9771515376308,
              "z_min": -1.7859471304824503e-15
            },
            "is_valid": true,
            "volume_mm3": 1452.2383736424874
          }
        }
      ],
      "type_id": "PartDesign::Fillet"
    },
    "Fillet004": {
      "label": "Fillet004",
      "name": "Fillet004",
      "solids": [
        {
          "index": 1,
          "metrics": {
            "bounding_box": {
              "x_max": 9.373516454532131,
              "x_min": -9.373516454532131,
              "y_max": 9.373516454532131,
              "y_min": -9.373516454532131,
              "z_max": 32.02645039297276,
              "z_min": -1.7859471304824503e-15
            },
            "is_valid": true,
            "volume_mm3": 1438.3598838882713
          }
        }
      ],
      "type_id": "PartDesign::Fillet"
    },
    "LinearPattern": {
      "label": "LinearPattern",
      "name": "LinearPattern",
      "solids": [
        {
          "index": 1,
          "metrics": {
            "bounding_box": {
              "x_max": 8.583370148318686,
              "x_min": -8.583370148318684,
              "y_max": 8.583370148318686,
              "y_min": -8.583370148318684,
              "z_max": 17.500000000000004,
              "z_min": -1.785947131717521e-15
            },
            "is_valid": true,
            "volume_mm3": 979.9109284382073
          }
        }
      ],
      "type_id": "PartDesign::LinearPattern"
    },
    "Mirrored": {
      "label": "Mirrored",
      "name": "Mirrored",
      "solids": [
        {
          "index": 1,
          "metrics": {
            "bounding_box": {
              "x_max": 8.66,
              "x_min": -8.66,
              "y_max": 8.660000000000002,
              "y_min": -8.660000000000002,
              "z_max": 31.9771515376308,
              "z_min": -1.785952028626747e-15
            },
            "is_valid": true,
            "volume_mm3": 1451.9736706461047
          }
        }
      ],
      "type_id": "PartDesign::Mirrored"
    },
    "Pad": {
      "label": "Pad",
      "name": "Pad",
      "solids": [
        {
          "index": 1,
          "metrics": {
            "bounding_box": {
              "x_max": 7.5,
              "x_min": -7.5,
              "y_max": 7.5,
              "y_min": -7.5,
              "z_max": 17.5,
              "z_min": 0.0
            },
            "is_valid": true,
            "volume_mm3": 3092.505268377453
          }
        }
      ],
      "type_id": "PartDesign::Pad"
    },
    "Pad001": {
      "label": "Pad001",
      "name": "Pad001",
      "solids": [
        {
          "index": 1,
          "metrics": {
            "bounding_box": {
              "x_max": 7.5,
              "x_min": -7.5,
              "y_max": 7.5,
              "y_min": -7.5,
              "z_max": 17.5,
              "z_min": 0.0
            },
            "is_valid": true,